<?xml version="1.0" encoding="utf-8" ?>
<odoo>
    <data>
        <record id="module_delivery_category" model="ir.module.category">
            <field name="name">Delivery</field>
            <field name="sequence">1</field>
            <field name="description">Delivery Management Category</field>
        </record>

        <record id="group_delivery_admin" model="res.groups">
            <field name="name">Delivery Admin</field>
            <field name="category_id" ref="delivery_management.module_delivery_category"/>
            <field name="implied_ids" eval="[(4, ref('base.group_user'))]"/><!-- or create a custom one -->
        </record>

        <record id="group_delivery_boy" model="res.groups">
            <field name="name">Delivery Boy</field>
            <field name="category_id" ref="delivery_management.module_delivery_category"/>
            <field name="implied_ids" eval="[(4, ref('base.group_user'))]"/><!-- or create a custom one -->
        </record>

    </data>
</odoo>